Id;X;Y;Z
0;1.0000000000000000;1.0000000000000000;1.0000000000000000
1;-1.0000000000000000;-1.0000000000000000;1.0000000000000000
2;-1.0000000000000000;1.0000000000000000;-1.0000000000000000
3;1.0000000000000000;-1.0000000000000000;-1.0000000000000000



